{
  "project_info": {
    "project_number": "582170398435",
    "firebase_url": "https://store-management-87142.firebaseio.com",
    "project_id": "store-management-87142",
    "storage_bucket": "store-management-87142.appspot.com"
  },
  "client": [
    {
      "client_info": {
        "mobilesdk_app_id": "1:582170398435:android:9a72014109fba3d44abfd6",
        "android_client_info": {
          "package_name": "tech.siham.MySupplier"
        }
      },
      "oauth_client": [
        {
          "client_id": "582170398435-djh7kkpoi8ghh71lvqkhe67em6n5d0ht.apps.googleusercontent.com",
          "client_type": 1,
          "android_info": {
            "package_name": "tech.siham.MySupplier",
            "certificate_hash": "3d08b47fcc8bd185dc793b233df2a673bf085ecb"
          }
        },
        {
          "client_id": "582170398435-9kd81p8jciv7rupknd4pneg0oiepolsq.apps.googleusercontent.com",
          "client_type": 3
        }
      ],
      "api_key": [
        {
          "current_key": "AIzaSyDfgpJav64NyDDQIq5lvNt0ZQo1d-Ex1ck"
        }
      ],
      "services": {
        "appinvite_service": {
          "other_platform_oauth_client": [
            {
              "client_id": "582170398435-9kd81p8jciv7rupknd4pneg0oiepolsq.apps.googleusercontent.com",
              "client_type": 3
            }
          ]
        }
      }
    },
    {
      "client_info": {
        "mobilesdk_app_id": "1:582170398435:android:76c252758f7e53f64abfd6",
        "android_client_info": {
          "package_name": "tech.siham.stock_management"
        }
      },
      "oauth_client": [
        {
          "client_id": "582170398435-0h6u1bc2uug2s33kfbn69eam22ed8mp6.apps.googleusercontent.com",
          "client_type": 1,
          "android_info": {
            "package_name": "tech.siham.stock_management",
            "certificate_hash": "c9c9be20746b9c8aa6e6230585675889a1c43153"
          }
        },
        {
          "client_id": "582170398435-9kd81p8jciv7rupknd4pneg0oiepolsq.apps.googleusercontent.com",
          "client_type": 3
        }
      ],
      "api_key": [
        {
          "current_key": "AIzaSyDfgpJav64NyDDQIq5lvNt0ZQo1d-Ex1ck"
        }
      ],
      "services": {
        "appinvite_service": {
          "other_platform_oauth_client": [
            {
              "client_id": "582170398435-9kd81p8jciv7rupknd4pneg0oiepolsq.apps.googleusercontent.com",
              "client_type": 3
            }
          ]
        }
      }
    }
  ],
  "configuration_version": "1"
}